CODE,LIBELLE,ID_FICHE
35047,secrétariat assistanat direction,11646
44589,conseil formation,11646
41083,clientèle particulier,11646
42097,blanchisserie,19795
50005,Certifications/diplômes/titres niveau 5,19795
34566,vente distribution,19822
34502,vente spécialisée,19822
34554,commerce,19822
34517,vente automobile,19822
34536,vente équipement maison,19822
34525,vente produit alimentaire,19822
34588,gestion point vente,19822
43418,thalasso-thermalisme,20188
43445,massage bien-être,20188
42671,tourisme thermal,20188
42020,massage esthétique,20188
34254,commerce international,12456
31834,logistique transport,12456
31895,gestion entreprise transport,12456
21538,boulangerie,19780
24121,radioprotection,19779
42154,immobilier,19805
46251,jeu vidéo,19810
46003,infographie,19810
46276,film animation,19810
32005,stratégie internationale,19801
33036,stratégie sociale entreprise,19801
32036,conduite projet international,19801
32626,analyse financière,19824
41002,produit financier,19824
41023,marché financier,19824
32602,gestion risque financier,19824
32654,gestion financière,19824
21099,soin cheval,19817
15454,activité physique et sportive,19817
15479,sport équestre,19817
32663,comptabilité,19783
32667,comptabilité générale,19783
33035,audit ressources humaines,19480
33054,ressources humaines,19480
33039,négociation sociale,19480
31814,sécurité aérienne,19812
42854,défense prévention sécurité,19812
42766,gestion hôtel restaurant bar,19802
42776,hôtellerie,19802
42802,sécurité défense,19815
42803,sécurité publique,19815
42854,défense prévention sécurité,19815
23641,armement,19815
42679,billetterie,5
31867,transport aérien,5
31854,transport,5
42686,accueil tourisme,5
12582,gestion déchet,19554
32004,services généraux,19786
32008,responsabilité sociétale entreprise,19786
44047,direction établissement médico-social,19786
31307,qualité hygiène sécurité environnement,19786
31845,logistique,19786
15241,interprétariat,19274
15231,traduction,19274
33054,ressources humaines,19821
33052,administration personnel,19821
21895,sellerie garnissage,19825
12522,développement durable,19799
45006,esthétique industrielle,19799
12511,agenda 21,19799
31814,sécurité aérienne,19813
42854,défense prévention sécurité,19813
45015,architecture intérieure,19508
42850,surveillance sécurité ERP,19327
42854,défense prévention sécurité,19327
42803,sécurité publique,19327
43443,ostéopathie,19427
45019,ameublement,19415
23649,contrôle technique automobile,19419
42866,santé sécurité travail,19403
42817,réglementation santé sécurité travail,19403
42875,risque professionnel,19403
42816,document unique,19403
31307,qualité hygiène sécurité environnement,19403
31664,qualité gestion industrielle,19406
31378,groupe progrès,19406
31354,qualité,19406
31359,audit qualité,19406
31336,contrôle qualité,19406
35015,secrétariat assistanat médicosocial,19219
44554,ingénierie formation pédagogie,19205
15054,développement personnel et professionnel,19429
11052,mathématiques appliquées,19429
31054,informatique,19429
11036,statistique,19429
46251,jeu vidéo,19215
24427,commande processus,19203
31641,contrôle gestion production,19203
31650,GPAO,19203
24454,automatisme informatique industrielle,19203
21099,soin cheval,19220
34260,marketing international,19500
30854,langage informatique,19325
31054,informatique,19325
46207,conduite projet multimédia,19325
33035,audit ressources humaines,19409
13222,droit travail,19409
33054,ressources humaines,19409
33091,gestion prévisionnelle emplois compétences,19409
33049,conflit social,19409
31837,logistique distribution,19401
31834,logistique transport,19401
31822,transport logistique durable,19401
31845,logistique,19401
34287,logistique internationale,19401
31620,conduite installation industrielle,19332
23026,soudage,19330
23014,soudage arc,19330
23004,soudage électrode enrobée,19330
23016,soudage MIG MAG,19330
23025,soudage sous flux électroconducteur,19330
23015,soudage TIG,19330
23008,soudage autre procédé,19330
23006,soudage oxyacétylénique,19330
32652,contrôle gestion,19492
32650,gestion budgétaire,19492
31641,contrôle gestion production,19492
23637,mécanique automobile,19503
46311,communication interne,19365
46302,gestion entreprise communication information,19365
46301,communication entreprise,19365
46340,communication événementielle,19365
46341,communication externe,19365
43443,ostéopathie,19433
31805,transport en commun routier,19345
42101,diagnostic immobilier,19324
42056,service à la personne,19319
23635,mécanique cycle motocycle,19363
31827,transport marchandise,19348
31839,transit marchandise,19348
15054,développement personnel et professionnel,19371
31354,qualité,19371
31388,gestion qualité,19371
31307,qualité hygiène sécurité environnement,19371
46347,stratégie communication numérique,19486
31090,programmation web,19372
31006,sécurité informatique,19372
31054,informatique,19372
46270,création site internet,19372
31088,programmation,19372
46354,communication information,19484
23601,charpente marine,19507
45083,chant,19513
46340,communication événementielle,19499
34052,marketing,19499
42101,diagnostic immobilier,19320
23637,mécanique automobile,19430
15054,développement personnel et professionnel,19399
22871,matériau composite,19421
31895,gestion entreprise transport,19411
41066,assurance transport,19411
43443,ostéopathie,22
34093,marketing électronique,23
50003,Certifications/diplômes/titres niveau 3,20
33001,conduite entretien,19212
13254,droit,19212
14221,éthique professionnelle,19212
44067,animation socioculturelle,19212
42171,logement social,19208
33060,recrutement,19204
42822,surveillance protection gardiennage,19826
42802,sécurité défense,19826
42854,défense prévention sécurité,19826
42803,sécurité publique,19826
23641,armement,19826
12593,gestion déchet ménager,19827
12594,gestion déchet vert,19827
12578,animation environnement,19827
93054,modalités d''accueil,19827
31703,stockage matière dangereuse,19827
23016,soudage MIG MAG,19828
23015,soudage TIG,19828
22232,métré BTP,19829
42654,tourisme,19218
42625,tourisme affaires,19218
46340,communication événementielle,19218
31676,bureau études,19830
31684,CAO,19830
23692,dessin construction mécanique,19830
23613,construction aéronautique,19831
23035,montage assemblage,19831
12584,génie environnement,19832
12530,distribution eau potable,19832
12520,traitement eau,19832
12541,assainissement,19832
12540,station épuration,19832
34581,technico-commercial,19579
44072,travail social,19652
33054,ressources humaines,20209
42822,surveillance protection gardiennage,19833
31875,sécurité transport,19833
42850,surveillance sécurité ERP,19833
42820,surveillance sécurité magasin,19833
42841,surveillance sécurité IGH,19833
22250,écoconstruction,20210
42654,tourisme,20212
42625,tourisme affaires,20212
46340,communication événementielle,20212
42677,agence voyages,20212
34085,stratégie commerciale,20217
34052,marketing,20217
21352,pêche,11915
21381,lieutenant pêche,11915
21520,brasserie,19222
15004,communication professionnelle,20227
46347,stratégie communication numérique,20227
46072,art graphique,20227
46081,création graphique,20227
42022,médecine vétérinaire,20183
31054,informatique,20190
12592,gestion déchet industriel,20213
12593,gestion déchet ménager,20213
12594,gestion déchet vert,20213
12582,gestion déchet,20213
32626,analyse financière,19894
32652,contrôle gestion,19894
32098,audit entreprise,19894
31359,audit qualité,19894
46217,conception réalisation transmédia,19937
45042,technique spectacle,20223
45061,régie son,20223
24021,électroménager,19296
24374,maintenance audiovisuelle,19296
21728,vêtement féminin,19298
21739,vêtement masculin,19298
21742,confection,19298
21736,vêtement,19298
21710,montage piquage confection,19298
22294,conduite chantier BTP,19299
22454,bâtiment second oeuvre,19299
22395,construction béton,19300
22294,conduite chantier BTP,19300
22354,bâtiment gros oeuvre,19300
35047,secrétariat assistanat direction,19301
35018,secrétariat assistanat multilingue,19301
11502,méthode physico-chimique analyse,19303
11523,analyse chimique,19303
11518,chromatographie,19303
11509,spectrométrie,19303
31307,qualité hygiène sécurité environnement,19303
31620,conduite installation industrielle,19304
24210,réseau local,19305
31081,gestion parc informatique,19305
31051,maintenance assistance informatique,19305
31080,matériel informatique,19305
31629,bureau méthodes,19307
31807,livraison,19308
23649,contrôle technique automobile,19463
22293,conduite travaux BTP,19465
22054,travaux publics,19465
34502,vente spécialisée,19466
34592,entretien vente,19466
23670,horlogerie,19471
23053,peinture industrielle,19472
23617,carrosserie,19472
23607,peinture carrosserie,19472
44061,éducation surveillée,19530
44092,éducateur spécialisé,19530
44569,conseil insertion professionnelle,19530
31052,Data Warehouse,19890
41014,gestion patrimoine,19895
41054,banque assurance,19895
41062,banque,19895
34093,marketing électronique,19923
46301,communication entreprise,19923
31008,système information,19899
32054,direction entreprise,19910
42050,coiffure,19910
32047,création entreprise,19910
31872,transport maritime,12778
31892,capitaine marine,12778
31883,mécanicien bord,12778
14426,art thérapie,19855
32042,management participatif,19853
34561,force vente,19853
34052,marketing,19853
46003,infographie,5120
71407,logiciel Web Designer,5120
46209,graphisme internet,5120
46262,multimédia,5120
13154,économie,19893
12522,développement durable,19893
34287,logistique internationale,19893
33054,ressources humaines,19896
34260,marketing international,19897
34052,marketing,19897
46326,journalisme presse écrite,19898
46303,journalisme spécialisé,19898
46325,journalisme,19898
46306,journalisme audiovisuel,19898
22398,dessin construction métallique,19918
31686,dessin industriel,19918
23692,dessin construction mécanique,19918
42121,gestion locative,19943
42154,immobilier,19943
42133,gestion immobilière,19943
42184,agence immobilière,19943
13154,économie,19900
13138,analyse économique,19900
41092,clientèle entreprise,20174
13154,économie,19901
21589,charcuterie,20203
21576,traiteur,20203
21599,boucherie,20203
32043,conseil entreprise,19902
32047,création entreprise,19902
32025,stratégie entreprise,19902
45027,art appliqué,20207
45015,architecture intérieure,20207
21882,maroquinerie,19917
31872,transport maritime,12780
31883,mécanicien bord,12780
31893,officier marine marchande,12780
46278,photographie,19925
46280,analyse image,19925
46268,laboratoire ciné photo vidéo,19925
32035,conduite projet,19926
46354,communication information,19926
33054,ressources humaines,19906
42101,diagnostic immobilier,19908
41054,banque assurance,19912
41083,clientèle particulier,19912
31006,sécurité informatique,19913
31014,informatique décisionnelle,19913
31032,système exploitation informatique,19913
31096,cahier charges informatique,19913
31094,conduite projet informatique,19913
31054,informatique,19914
24231,réseau informatique,19914
31094,conduite projet informatique,19914
46261,site internet pour mobile,19915
46263,internet,19915
46286,site internet,19915
31054,informatique,19915
46242,intégration web,19915
42091,gestion entreprise nettoyage,19929
32012,gestion processus,19921
12573,écoproduit,19959
24154,énergie,19959
46265,internet des objets,19959
50170,Diplômes d''ingénieur,19959
31654,génie industriel,19959
31876,personnel au sol,19933
42178,financement immobilier,19930
15469,randonnée,19684
15410,alpinisme,19684
15436,éducation sportive,19684
22294,conduite chantier BTP,19941
22293,conduite travaux BTP,19941
22254,BTP conception organisation,19941
46326,journalisme presse écrite,19940
46303,journalisme spécialisé,19940
46325,journalisme,19940
46306,journalisme audiovisuel,19940
46323,journalisme multimédia,19940
15054,développement personnel et professionnel,19909
42158,commercialisation immobilière,19942
42154,immobilier,19942
42184,agence immobilière,19942
32626,analyse financière,19931
32682,comptabilité analytique,19931
32652,contrôle gestion,19931
32667,comptabilité générale,19931
32654,gestion financière,19931
45052,production spectacle,19498
46274,cinéma,19498
46244,gestion production audiovisuelle,19498
32096,gestion entreprise culturelle,19498
41054,banque assurance,19919
46311,communication interne,19920
46347,stratégie communication numérique,19920
46301,communication entreprise,19920
46340,communication événementielle,19920
46341,communication externe,19920
34561,force vente,19322
34582,négociation commerciale,19322
34085,stratégie commerciale,19322
42151,copropriété,19944
42154,immobilier,19944
42133,gestion immobilière,19944
42184,agence immobilière,19944
46261,site internet pour mobile,19916
46270,création site internet,19916
46272,maquettage site internet,19916
46209,graphisme internet,19916
46242,intégration web,19916
46081,création graphique,19938
46090,graphisme publicité,19938
46209,graphisme internet,19938
42062,maquillage spectacle,19936
71654,logiciel système gestion bases données,19932
24346,électronique embarquée,19932
32050,coaching entreprise,19903
32042,management participatif,19903
32025,stratégie entreprise,19903
32039,management situationnel,19903
46081,création graphique,19939
46003,infographie,19939
46209,graphisme internet,19939
45027,art appliqué,19924
42061,spécialisation coiffure,19922
21360,patron pêche,11908
31081,gestion parc informatique,19962
31051,maintenance assistance informatique,19962
31054,informatique,19962
31032,système exploitation informatique,19962
24220,gestion réseau informatique,19962
31008,système information,19907
32688,comptabilité charges personnel,19960
50148,Diplômes d''école de commerce bac+5,19934
21352,pêche,11821
21340,capitaine pêche,11821
31676,bureau études,19945
31684,CAO,19945
31685,DAO,19945
22223,architecture,19945
43429,agent service hospitalier,19911
46209,graphisme internet,19412
15454,activité physique et sportive,19201
32054,direction entreprise,19506
32089,tableau bord,19506
32076,gestion entreprise,19506
32047,création entreprise,19506
32097,gestion entreprise artisanale,19506
32025,stratégie entreprise,19506
32094,gestion PME PMI,19506
32074,gestion prévisionnelle,19506
45015,architecture intérieure,19485
45582,ébénisterie,19485
45501,peinture décorative,19497
46036,maquette mise en page,19408
46003,infographie,19408
46090,graphisme publicité,19410
45015,architecture intérieure,19496
31094,conduite projet informatique,19449
46081,création graphique,19542
46081,création graphique,19544
45027,art appliqué,19563
45015,architecture intérieure,19563
46081,création graphique,19563
31009,architecture système information,26
31082,intégration informatique,26
31006,sécurité informatique,26
31054,informatique,26
31034,administration système,26
31008,système information,26
45015,architecture intérieure,19505
31054,informatique,14750
46267,postproduction,19352
46251,jeu vidéo,19928
50170,Diplômes d''ingénieur,19963
42030,soin ongle,4469
42822,surveillance protection gardiennage,20211
42872,sécurité incendie,20211
42810,surveillance gardiennage locaux,20211
42854,défense prévention sécurité,20211
31872,transport maritime,12783
31870,navigation commerce plaisance,12783
50400,Baccalauréats professionnels,19969
32054,direction entreprise,19970
32626,analyse financière,20222
32045,management transversal,20222
32652,contrôle gestion,20222
32098,audit entreprise,20222
31359,audit qualité,20222
34254,commerce international,14440
13183,économie internationale,14440
13194,économie PVD,14440
46354,communication information,20179
41014,gestion patrimoine,20186
41003,gestion portefeuille,20186
42133,gestion immobilière,20186
11018,représentation graphique statistique,19967
11016,analyse données,19967
50170,Diplômes d''ingénieur,19967
31036,administration base de données,19967
31094,conduite projet informatique,19967
50400,Baccalauréats professionnels,19968
46342,intelligence économique,20214
21540,commercialisation vin spiritueux,19848
32054,direction entreprise,19971
32076,gestion entreprise,19971
32014,conseil administration,19971
32047,création entreprise,19971
32025,stratégie entreprise,19971
32076,gestion entreprise,19973
34054,gestion commerciale,19186
34003,centrale achat,19186
32076,gestion entreprise,19186
31652,gestion production,19186
32025,stratégie entreprise,19186
22232,métré BTP,20195
22230,métré spécialisé,20195
31872,transport maritime,12782
31870,navigation commerce plaisance,12782
31893,officier marine marchande,12782
24070,moteur électrique,19974
23689,moteur essence,19974
23677,moteur,19974
12046,biologie,14465
12061,biologie marine,14465
21352,pêche,11868
21340,capitaine pêche,11868
31872,transport maritime,12777
31892,capitaine marine,12777
31870,navigation commerce plaisance,12777
14254,sciences humaines,12628
41036,assurance,19329
32018,qualité administrative,12391
34054,gestion commerciale,12391
13154,économie,12391
32688,comptabilité charges personnel,11974
34292,achat international,20204
12523,développement local,19475
13027,politique publique,19475
13138,analyse économique,19475
42638,développement touristique,19475
13054,science politique,19475
34093,marketing électronique,20168
46207,conduite projet multimédia,20168
34054,gestion commerciale,14238
34024,achat,14238
34022,gestion fournisseur,14238
13254,droit,14497
13287,droit communautaire,14497
13239,droit constitutionnel,14497
45082,pratique instrumentale,19514
31872,transport maritime,11050
31892,capitaine marine,11050
31872,transport maritime,10501
31892,capitaine marine,10501
46274,cinéma,19340
46264,conception réalisation audiovisuelle,19340
31354,qualité,19335
43061,imagerie médicale,11642
42854,défense prévention sécurité,20175
12061,biologie marine,12405
12039,biologie moléculaire,12405
12547,protection milieu naturel,12405
42776,hôtellerie,20215
42786,service étage,20215
42797,gouvernante hôtel,20215
42778,service hall,20215
42788,service réception,20215
31028,intelligence artificielle,20167
31834,logistique transport,20218
70654,logiciel gestion comptable commerciale,20197
35007,secrétariat assistanat gestion PME PMI,20197
32652,contrôle gestion,20197
32667,comptabilité générale,20197
11554,chimie,12833
42854,défense prévention sécurité,12833
12554,environnement aménagement,12833
42668,commercialisation produit touristique,20199
42625,tourisme affaires,20199
42654,tourisme,20199
42677,agence voyages,20199
11541,pharmacologie,9642
46081,création graphique,19501
21728,vêtement féminin,20202
21796,collection vêtement,20202
21711,encadrement atelier confection,20202
21783,modélisme habillement,20202
21780,patronnage gradation informatisé,20202
22024,génie civil,14037
46261,site internet pour mobile,20225
46270,création site internet,20225
46209,graphisme internet,20225
42623,animation tourisme,20181
34254,commerce international,19216
31676,bureau études,19278
11050,mathématiques informatiques,19278
32062,recherche développement,19278
31067,analyse programmation,19278
34566,vente distribution,19479
32042,management participatif,19479
34016,marketing achat,19479
34056,administration ventes,19479
34052,marketing,19479
13254,droit,20187
34093,marketing électronique,20182
46347,stratégie communication numérique,20182
46301,communication entreprise,20182
46340,communication événementielle,20182
34052,marketing,20182
43435,encadrement santé,20250
31009,architecture système information,14586
24487,logique programmée,14586
31094,conduite projet informatique,14586
33054,ressources humaines,13465
31872,transport maritime,10652
31883,mécanicien bord,10652
31872,transport maritime,11049
31883,mécanicien bord,11049
31872,transport maritime,10651
31892,capitaine marine,10651
31872,transport maritime,11044
31892,capitaine marine,11044
31872,transport maritime,12784
31883,mécanicien bord,12784
31870,navigation commerce plaisance,12784
31872,transport maritime,12789
31870,navigation commerce plaisance,12789
31893,officier marine marchande,12789
31872,transport maritime,12791
31883,mécanicien bord,12791
31870,navigation commerce plaisance,12791
31872,transport maritime,11599
31883,mécanicien bord,11599
31870,navigation commerce plaisance,11599
31872,transport maritime,12353
31870,navigation commerce plaisance,12353
31893,officier marine marchande,12353
31872,transport maritime,12779
31883,mécanicien bord,12779
31893,officier marine marchande,12779
31872,transport maritime,12787
31870,navigation commerce plaisance,12787
31872,transport maritime,12790
31870,navigation commerce plaisance,12790
31893,officier marine marchande,12790
21352,pêche,11855
21340,capitaine pêche,11855
12010,expérimentation animale,31
11067,géométrie,19
24289,photo interprétation,19
12225,topographie,19
35049,secrétariat assistanat comptabilité,25
32076,gestion entreprise,25
35007,secrétariat assistanat gestion PME PMI,25
46267,postproduction,19378
33035,audit ressources humaines,19374
33054,ressources humaines,19374
32025,stratégie entreprise,19374
32079,gestion performance,19374
31676,bureau études,19390
11040,mathématiques financières,19390
32062,recherche développement,19390
31014,informatique décisionnelle,19386
13129,prévision économique,19386
11050,mathématiques informatiques,19386
32062,recherche développement,19386
31094,conduite projet informatique,19386
43454,santé secteur sanitaire,19385
44074,prévention éducation santé,19385
43435,encadrement santé,19385
15459,activité physique et sportive adaptée,19389
31834,logistique transport,19387
13138,analyse économique,19387
13061,politique environnement,19387
31307,qualité hygiène sécurité environnement,19387
32024,gestion centre profit,15113
34052,marketing,15113
32054,direction entreprise,19392
13027,politique publique,19392
32043,conseil entreprise,19392
32095,direction par objectifs,19392
32094,gestion PME PMI,19392
22881,bois,19467
23622,construction maintenance navale,19467
23602,entretien marine plaisance,19467
22871,matériau composite,19467
15006,relation interculturelle,19181
14201,culture civilisation,19181
15059,connaissance monde actuel,19181
15254,langues,19181
15231,traduction,19181
23617,carrosserie,19468
23607,peinture carrosserie,19468
46081,création graphique,19414
12087,physiologie,19453
12039,biologie moléculaire,19453
32062,recherche développement,19453
12081,biotechnologie,19453
21097,élevage porcin,19460
14201,culture civilisation,19455
13016,aide développement,19455
13096,politique culturelle,19455
14215,sciences et techniques patrimoine,19455
13072,politique sociale,19455
31006,sécurité informatique,19470
31054,informatique,19470
24231,réseau informatique,19470
24273,architecture réseau,19470
24454,automatisme informatique industrielle,19470
21075,élevage ovin,19461
13222,droit travail,12905
13234,droit social,12905
13205,droit sécurité sociale,12905
23094,tôlerie,19483
22279,maîtrise oeuvre,19462
22252,dessin BTP,19462
42082,gestion structure service à la personne,19473
44074,prévention éducation santé,19473
43435,encadrement santé,19473
31845,logistique,19364
34593,prospection vente,19237
23581,hydrodynamique,19237
34561,force vente,19237
21573,conservation alimentaire,19237
34572,négociation grand compte,19237
21099,soin cheval,19495
24231,réseau informatique,12093
41003,gestion portefeuille,19474
13129,prévision économique,19474
32043,conseil entreprise,19474
32602,gestion risque financier,19474
23026,soudage,19490
23014,soudage arc,19490
22257,commercialisation BTP,19490
23083,chaudronnerie,19490
23084,tuyauterie,19490
24472,automatisation,19275
31676,bureau études,19275
32062,recherche développement,19275
24273,architecture réseau,19275
24354,électronique,19275
34060,étude marché,19476
11017,statistique appliquée,19476
41077,gestion risque banque assurance,19476
41036,assurance,19476
44054,action sociale,19491
44047,direction établissement médico-social,19477
43435,encadrement santé,19477
15054,développement personnel et professionnel,19238
13254,droit,19238
13266,droit judiciaire privé,19238
12522,développement durable,19238
32076,gestion entreprise,19239
32043,conseil entreprise,19239
44047,direction établissement médico-social,19239
31637,organisation travail,19239
33054,ressources humaines,19489
31834,logistique transport,13994
13261,droit affaires,12389
13267,droit international,12389
13269,contentieux international,12389
31676,bureau études,19270
31648,transfert technologie,19270
32062,recherche développement,19270
31608,génie procédés,19270
31654,génie industriel,19270
13121,gestion publique,13131
31006,sécurité informatique,12737
24252,réseau télécom,12737
15241,interprétariat,12474
42752,cuisine,19253
42708,cuisine collectivité,19253
42760,gastronomie,19253
42725,restauration rapide,19253
42742,spécialisation cuisine,19253
34254,commerce international,11438
15241,interprétariat,11438
15231,traduction,11438
44521,pédagogie public spécifique,12338
44515,didactique langue,12338
15040,français mise à niveau,12338
11454,physique,14157
31354,qualité,11521
21554,agroalimentaire,11521
12054,sciences naturelles,11521
13286,droit immobilier,12384
12522,développement durable,12384
12512,aménagement urbain,12384
41014,gestion patrimoine,11470
41054,banque assurance,11470
32623,financement entreprise,11470
15006,relation interculturelle,13821
32020,encadrement interculturel,13821
13096,politique culturelle,13821
13237,droit public,13419
13218,droit administratif,13419
13021,collectivité territoriale,13419
34040,étude produit,19184
34561,force vente,19184
34076,gestion relation client,19184
34052,marketing,19184
13274,droit privé,10272
13261,droit affaires,10272
13262,droit société,10272
13286,droit immobilier,12385
13297,bail immobilier,12385
13292,droit concurrence et consommation,12385
13274,droit privé,19241
13266,droit judiciaire privé,19241
32054,direction entreprise,14237
32076,gestion entreprise,14237
32025,stratégie entreprise,14237
32062,recherche développement,19251
12241,océanographie,19251
34031,marketing mix,11434
34071,marketing sectoriel,11434
34052,marketing,11434
12046,biologie,13715
12081,biotechnologie,13715
15231,traduction,15485
43454,santé secteur sanitaire,19318
44074,prévention éducation santé,19318
43435,encadrement santé,19318
31307,qualité hygiène sécurité environnement,19271
31654,génie industriel,19271
34534,vente produit horticole,19381
12081,biotechnologie,11662
43415,droit médical,11662
44542,pédagogie,19383
15241,interprétariat,19383
14272,linguistique,19383
15231,traduction,19383
44573,outil pédagogique,19383
12523,développement local,12416
32035,conduite projet,12416
12534,aménagement territoire,12416
34054,gestion commerciale,19185
32045,management transversal,19185
34584,animation vente,19185
34085,stratégie commerciale,19185
35029,correspondance commerciale,19185
21046,travaux paysagers,19380
42788,service réception,19315
22274,chantier BTP,19316
22293,conduite travaux BTP,19316
22232,métré BTP,19316
22211,performance énergétique bâtiment,19316
22485,rénovation bâtiment,19316
24293,sécurité télécommunication,12413
24231,réseau informatique,12413
24273,architecture réseau,12413
22607,régulation climatisation,19317
22654,génie climatique,19317
22642,génie thermique,19317
24162,gestion énergie,19317
32062,recherche développement,19309
31608,génie procédés,19309
21543,laboratoire analyse agroalimentaire,19309
31356,assurance qualité,19309
43001,recherche médicale,19310
32062,recherche développement,19310
44542,pédagogie,19289
14215,sciences et techniques patrimoine,19289
46325,journalisme,19289
12523,développement local,19311
13254,droit,19311
13054,science politique,19311
13288,forme juridique entreprise,19311
43001,recherche médicale,19313
32062,recherche développement,19313
31356,assurance qualité,19313
31307,qualité hygiène sécurité environnement,19313
50004,Certifications/diplômes/titres niveau 4,19407
31840,transport ferroviaire,19407
13080,politique sociale communautaire,19290
44047,direction établissement médico-social,19290
13072,politique sociale,19290
22294,conduite chantier BTP,19464
22354,bâtiment gros oeuvre,19464
34536,vente équipement maison,24
32076,gestion entreprise,19187
32025,stratégie entreprise,19187
32094,gestion PME PMI,19187
46325,journalisme,19190
41003,gestion portefeuille,19188
41077,gestion risque banque assurance,19188
41092,clientèle entreprise,19188
41070,gestion exploitation banque,19188
41084,crédit bancaire,19188
43404,soin palliatif,20205
43454,santé secteur sanitaire,20205
44028,auxiliaire vie sociale,20205
43414,relation soin,20205
46354,communication information,15294
31676,bureau études,19273
31686,dessin industriel,19273
31354,qualité,19273
13218,droit administratif,11580
13021,collectivité territoriale,11580
43443,ostéopathie,19425
13274,droit privé,19243
13266,droit judiciaire privé,19243
13254,droit,19244
13138,analyse économique,19244
13149,économétrie,19244
13054,science politique,19244
44047,direction établissement médico-social,20219
46340,communication événementielle,20221
23086,chaudronnerie aéronautique,19293
23048,formage,19293
34593,prospection vente,20220
34561,force vente,20220
34582,négociation commerciale,20220
12532,gestion ressource eau,19255
12585,conseil environnement,19255
12547,protection milieu naturel,19255
12522,développement durable,19255
12081,biotechnologie,19191
32062,recherche développement,19191
31336,contrôle qualité,19191
31307,qualité hygiène sécurité environnement,19191
31822,transport logistique durable,19294
31827,transport marchandise,19294
31856,affrètement,19294
31895,gestion entreprise transport,19294
31839,transit marchandise,19294
13254,droit,19279
14227,histoire,19279
13274,droit privé,19256
13254,droit,19256
13266,droit judiciaire privé,19256
12511,agenda 21,19292
13061,politique environnement,19292
12554,environnement aménagement,19292
13354,droit fiscal,19280
13254,droit,19280
41003,gestion portefeuille,19280
32654,gestion financière,19280
44569,conseil insertion professionnelle,20200
11017,statistique appliquée,19193
13149,économétrie,19193
13129,prévision économique,19193
11040,mathématiques financières,19193
32062,recherche développement,19193
34519,étalage,20201
34597,marchandisage,20201
34598,marchandisage en ligne,20201
22294,conduite chantier BTP,19257
12256,prospection géologique,19257
22016,pont,19257
22095,mécanique sol,19257
34024,achat,19194
15004,communication professionnelle,19194
34074,publicité,19194
46341,communication externe,19194
46262,multimédia,19295
34554,commerce,19182
33052,administration personnel,19182
33091,gestion prévisionnelle emplois compétences,19182
31845,logistique,19182
34060,étude marché,19195
13138,analyse économique,19195
32070,innovation entreprise,19195
34052,marketing,19195
32045,management transversal,19196
32043,conseil entreprise,19196
33091,gestion prévisionnelle emplois compétences,19196
41014,gestion patrimoine,19282
13274,droit privé,19282
13275,notariat,19282
32045,management transversal,19199
32012,gestion processus,34
32062,recherche développement,34
32070,innovation entreprise,34
31633,maintenance totale,34
12576,éco-industrie,34
13016,aide développement,19200
13121,gestion publique,19200
13087,institution politique,19200
12232,géomatique,19232
12522,développement durable,19232
12534,aménagement territoire,19232
12205,cartographie,19232
13261,droit affaires,19285
13254,droit,19285
32043,conseil entreprise,19285
34254,commerce international,19192
32036,conduite projet international,19192
34285,import export,19192
32043,conseil entreprise,19192
34052,marketing,19192
13254,droit,19286
13267,droit international,19286
13266,droit judiciaire privé,19286
33052,administration personnel,19197
33091,gestion prévisionnelle emplois compétences,19197
31637,organisation travail,19197
43443,ostéopathie,19423
12046,biologie,19287
31054,informatique,19287
32062,recherche développement,19287
31088,programmation,19287
43443,ostéopathie,19424
13027,politique publique,19242
13121,gestion publique,19242
12523,développement local,19254
46202,écriture multimédia,19254
14227,histoire,19254
15003,expression média,19254
46324,édition,19258
46047,lecture correction,19258
33054,ressources humaines,19417
33070,travail temporaire,19417
31097,programmation structurée,19420
31090,programmation web,19420
31067,analyse programmation,19420
31088,programmation,19420
31089,programmation application mobile,19420
31098,programmation orientée objet,19420
34254,commerce international,19259
34260,marketing international,19259
15241,interprétariat,19259
46301,communication entreprise,19259
15231,traduction,19259
24154,énergie,19451
11461,thermique,19451
24354,électronique,19451
23542,mécanique fluide,19451
13261,droit affaires,14188
14272,linguistique,11433
14254,sciences humaines,11433
22024,génie civil,19272
32062,recherche développement,19272
31664,qualité gestion industrielle,12798
31652,gestion production,12798
31662,ordonnancement,12798
44540,relation pédagogique,12300
14272,linguistique,12300
14254,sciences humaines,12300
32045,management transversal,16226
32076,gestion entreprise,16226
32094,gestion PME PMI,16226
42638,développement touristique,12473
42625,tourisme affaires,12473
46340,communication événementielle,12473
22803,écomatériau,12468
22852,matériau construction,12468
24147,énergie renouvelable,12468
33054,ressources humaines,14883
14277,sociologie,14883
33047,relations sociales,14883
34024,achat,9632
32035,conduite projet,14449
32076,gestion entreprise,14449
32008,responsabilité sociétale entreprise,14449
33054,ressources humaines,13896
31034,administration système,12472
31008,système information,12472
15006,relation interculturelle,12386
13024,institution européenne,12386
13032,politique régionale,12386
12585,conseil environnement,12462
12541,assainissement,12462
12582,gestion déchet,12462
34254,commerce international,11656
13154,économie,11656
31664,qualité gestion industrielle,12463
31624,maintenance industrielle,12463
31654,génie industriel,12463
41014,gestion patrimoine,19281
13274,droit privé,19281
13266,droit judiciaire privé,19281
31017,numérisation données,13473
15241,interprétariat,13473
15231,traduction,13473
31054,informatique,19284
24231,réseau informatique,19284
31094,conduite projet informatique,19284
14240,linguistique informatique,19284
13027,politique publique,19288
13121,gestion publique,19288
13110,contrôle gestion publique,19288
13087,institution politique,19288
14201,culture civilisation,19670
13274,droit privé,19391
13254,droit,19391
13266,droit judiciaire privé,19391
13115,connaissance entreprise,19391
44586,formation formateur,19450
46319,écriture informative,19450
44583,formation enseignant,19450
44057,atelier éducatif,19450
46207,conduite projet multimédia,19207
12039,biologie moléculaire,19454
32062,recherche développement,19454
31307,qualité hygiène sécurité environnement,19454
32035,conduite projet,19226
32025,stratégie entreprise,19226
13261,droit affaires,9637
32012,gestion processus,19227
31648,transfert technologie,19227
31336,contrôle qualité,19227
11017,statistique appliquée,19456
11040,mathématiques financières,19456
11054,mathématiques,19456
11050,mathématiques informatiques,19456
32062,recherche développement,19456
21570,qualité sécurité agroalimentaire,12467
21547,bonnes pratiques hygiène agroalimentaire,12467
31307,qualité hygiène sécurité environnement,12467
46324,édition,13128
24431,maintenance système automatisé,12387
24454,automatisme informatique industrielle,12387
15004,communication professionnelle,14341
15011,expression écrite,14341
15003,expression média,14341
12573,écoproduit,12802
12522,développement durable,12802
12587,management environnemental,12802
46254,audiovisuel multimédia,19665
46244,gestion production audiovisuelle,19665
46264,conception réalisation audiovisuelle,19665
46269,montage audiovisuel,19665
32062,recherche développement,19229
12049,génétique,19229
31336,contrôle qualité,19229
14224,anthropologie,19683
14227,histoire,19683
14277,sociologie,19683
44008,intervention sociale familiale,12249
13299,droit communautaire affaires,11654
13254,droit,19230
41003,gestion portefeuille,19230
41077,gestion risque banque assurance,19230
11534,génie chimique,8916
45085,formation formateur art,20093
45066,art plastique,20093
44542,pédagogie,19231
44517,conception action formation,19231
44510,pédagogie interculturelle,19231
44069,éducation populaire,19231
15231,traduction,19231
46311,communication interne,20224
46301,communication entreprise,20224
46340,communication événementielle,20224
46354,communication information,20224
46341,communication externe,20224
22478,métallerie serrurerie,20178
32652,contrôle gestion,15234
13110,contrôle gestion publique,15234
41014,gestion patrimoine,14760
11523,analyse chimique,19233
32062,recherche développement,19233
31608,génie procédés,19233
31652,gestion production,19233
31307,qualité hygiène sécurité environnement,19233
45582,ébénisterie,20191
44542,pédagogie,12298
44501,pédagogie illettrisme,12298
44510,pédagogie interculturelle,12298
45597,céramique poterie,20216
32608,norme comptable,12414
32652,contrôle gestion,12414
32654,gestion financière,12414
31652,gestion production,19234
33054,ressources humaines,10278
44039,établissement hébergement personnes âgées,10278
43435,encadrement santé,10278
13154,économie,32
13054,science politique,32
12554,environnement aménagement,32
46354,communication information,32
23692,dessin construction mécanique,13880
22871,matériau composite,13880
34054,gestion commerciale,19791
32076,gestion entreprise,20130
15054,développement personnel et professionnel,20180
32050,coaching entreprise,20180
31872,transport maritime,13843
31870,navigation commerce plaisance,13843
46254,audiovisuel multimédia,20251
45066,art plastique,20251
46262,multimédia,20251
32054,direction entreprise,20252
32045,management transversal,20252
32076,gestion entreprise,20252
32043,conseil entreprise,20252
34052,marketing,20252
46301,communication entreprise,20253
42024,soin animalier,20184
21001,agriculture biologique,20254
12547,protection milieu naturel,20254
12524,biodiversité,20254
30854,langage informatique,3938
31054,informatique,3938
31088,programmation,3938
14254,sciences humaines,19388
46202,écriture multimédia,8820
46310,relation presse média,8820
13171,économie régionale,14436
13138,analyse économique,14436
13115,connaissance entreprise,14436
15235,français langue étrangère,8624
45004,art spectacle,8624
45066,art plastique,8624
33054,ressources humaines,10273
13234,droit social,10273
23624,construction aérospatiale,8165
12233,géophysique,8165
15241,interprétariat,14344
15231,traduction,14344
32652,contrôle gestion,14759
13254,droit,13130
13154,économie,13130
13234,droit social,13130
13237,droit public,12896
13218,droit administratif,12896
13239,droit constitutionnel,12896
22803,écomatériau,12520
22635,climatisation,12520
24147,énergie renouvelable,12520
41014,gestion patrimoine,12103
42133,gestion immobilière,12103
32076,gestion entreprise,11494
32094,gestion PME PMI,11494
32096,gestion entreprise culturelle,14267
44037,direction établissement socioculturel,14267
22607,régulation climatisation,19297
22654,génie climatique,19297
22642,génie thermique,19297
22671,chauffage,19297
24162,gestion énergie,19297
31676,bureau études,19302
31629,bureau méthodes,19276
31676,bureau études,19276
32062,recherche développement,19276
23035,montage assemblage,19306
24134,énergie nucléaire,19277
24132,prévention sécurité nucléaire,19277
32062,recherche développement,19277
11428,physique nucléaire,19277
11541,pharmacologie,19252
11534,génie chimique,19252
32062,recherche développement,19252
31307,qualité hygiène sécurité environnement,19252
11017,statistique appliquée,19235
13138,analyse économique,19235
32043,conseil entreprise,19235
34085,stratégie commerciale,19235
46315,communication financière,19235
14224,anthropologie,19236
12523,développement local,19236
46338,muséologie,19236
46385,archivage,19236
13027,politique publique,19245
13121,gestion publique,19245
13209,marché public,19245
13087,institution politique,19245
13231,droit comparé,19246
13254,droit,19247
31006,sécurité informatique,19247
32043,conseil entreprise,19247
13235,droit données personnelles,19247
14232,philosophie,19248
32035,conduite projet,19249
13133,microéconomie,19249
32025,stratégie entreprise,19249
32015,conduite changement,19249
12547,protection milieu naturel,19250
12522,développement durable,19250
12511,agenda 21,19250
31307,qualité hygiène sécurité environnement,19250
42654,tourisme,11471
42651,tourisme culturel,11471
42754,hôtellerie restauration,19211
42679,billetterie,19211
42627,gestion entreprise touristique,19211
42659,marketing touristique,19211
14414,psychopathologie,19260
14454,psychologie,19260
42171,logement social,19263
13286,droit immobilier,19263
42154,immobilier,19263
42133,gestion immobilière,19263
31676,bureau études,19264
11454,physique,19264
11436,physique matière,19264
32062,recherche développement,19264
46264,conception réalisation audiovisuelle,19265
46354,communication information,19265
13254,droit,19266
13027,politique publique,19266
13254,droit,19267
13027,politique publique,19267
13287,droit communautaire,19267
13024,institution européenne,19267
34254,commerce international,8189
34232,réglementation commerce international,8189
15004,communication professionnelle,11429
15003,expression média,11429
41014,gestion patrimoine,14515
42133,gestion immobilière,14515
15241,interprétariat,12522
15231,traduction,12522
34271,négociation internationale,12522
45052,production spectacle,14591
45004,art spectacle,14591
42651,tourisme culturel,14591
32005,stratégie internationale,15012
32047,création entreprise,15012
32006,gestion entreprise internationale,15012
32035,conduite projet,12458
12522,développement durable,12458
12534,aménagement territoire,12458
13021,collectivité territoriale,11650
12512,aménagement urbain,11650
13229,droit urbanisme,11650
12554,environnement aménagement,11503
12054,sciences naturelles,11503
43415,droit médical,11661
11502,méthode physico-chimique analyse,11519
11523,analyse chimique,11519
11514,méthodologie analytique chimique,11519
13267,droit international,12897
13269,contentieux international,12897
13258,contrat international,12897
15241,interprétariat,14500
15231,traduction,14500
13266,droit judiciaire privé,11657
13237,droit public,11657
13287,droit communautaire,11655
15231,traduction,11655
42815,gestion risque entreprise,12804
31307,qualité hygiène sécurité environnement,12804
33054,ressources humaines,14749
44072,travail social,11455
44502,pédagogie public en difficulté,11455
44035,médiation socioculturelle,11455
24254,télécommunication,12415
46252,réseau social,12415
46354,communication information,12415
13036,politique internationale,12774
13024,institution européenne,12774
42654,tourisme,12774
14201,culture civilisation,12388
14216,histoire art,12388
14215,sciences et techniques patrimoine,12388
15004,communication professionnelle,11432
15003,expression média,11432
44022,aide médico-sociale,13129
42818,système management santé sécurité travail,13129
44047,direction établissement médico-social,13129
34232,réglementation commerce international,12390
15205,anglais commercial,12390
14272,linguistique,12390
13138,analyse économique,11659
32025,stratégie entreprise,11659
13168,économie tourisme,8322
42654,tourisme,8322
42623,animation tourisme,8322
32024,gestion centre profit,8917
13038,politique santé,8917
32652,contrôle gestion,14232
13110,contrôle gestion publique,14232
41070,gestion exploitation banque,14232
13237,droit public,10283
12554,environnement aménagement,10283
12518,droit environnement,10283
24469,capteur,14461
24356,traitement signal,14461
11036,statistique,14461
34566,vente distribution,11443
13222,droit travail,11574
82016,formateur,12306
44586,formation formateur,12306
15073,préparation examen concours,12306
13274,droit privé,13417
13261,droit affaires,13417
13266,droit judiciaire privé,13417
21568,audit qualité sécurité agroalimentaire,13805
21547,bonnes pratiques hygiène agroalimentaire,13805
13286,droit immobilier,11660
42133,gestion immobilière,11660
13261,droit affaires,12383
13272,droit commercial,12383
13267,droit international,12383
13027,politique publique,15169
13024,institution européenne,15169
12205,cartographie,15169
13285,droit civil,10276
13266,droit judiciaire privé,10276
13287,droit communautaire,10276
24469,capteur,14460
24356,traitement signal,14460
11036,statistique,14460
31006,sécurité informatique,12796
31054,informatique,12796
31032,système exploitation informatique,12796
15231,traduction,11467
15004,communication professionnelle,15188
32035,conduite projet,15188
46301,communication entreprise,15188
33052,administration personnel,13132
33054,ressources humaines,14266
15457,gestion sport,12805
46340,communication événementielle,12805
31845,logistique,12805
45012,gestion carrière artiste,15238
45071,danse,15238
45080,chorégraphie,15238
44569,conseil insertion professionnelle,12455
44008,intervention sociale familiale,12455
42815,gestion risque entreprise,14448
13286,droit immobilier,12808
34024,achat,14236
31660,approvisionnement,14236
34292,achat international,14236
32054,direction entreprise,14233
32032,encadrement,14233
32025,stratégie entreprise,14233
13287,droit communautaire,11651
11567,sécurité industrie chimique,11473
24132,prévention sécurité nucléaire,11473
31307,qualité hygiène sécurité environnement,11473
13267,droit international,10281
32695,audit comptabilité,14231
32663,comptabilité,14231
32098,audit entreprise,14231
13036,politique internationale,15066
14256,sciences sociales,15066
13024,institution européenne,15066
32673,gestion par activités,10410
32076,gestion entreprise,10410
32094,gestion PME PMI,10410
13219,droit pénal national,10270
42803,sécurité publique,10270
13138,analyse économique,14442
13149,économétrie,14442
13129,prévision économique,14442
33054,ressources humaines,11483
32047,création entreprise,2850
97004,création d''entreprise,2850
32094,gestion PME PMI,2850
32094,gestion PME PMI,15004
11054,mathématiques,15552
11033,mathématiques décision,15552
32018,qualité administrative,12339
13027,politique publique,12339
13218,droit administratif,12339
21059,agronomie,11196
32054,direction entreprise,14450
15241,interprétariat,12496
42815,gestion risque entreprise,12086
31637,organisation travail,12086
14241,religion,13485
32035,conduite projet,14264
32067,analyse valeur,14264
32043,conseil entreprise,14264
14272,linguistique,11457
14290,analyse discours,11457
42171,logement social,10323
34054,gestion commerciale,11480
34554,commerce,11480
31378,groupe progrès,9863
31358,kaizen,9863
31339,six sigma,9863
21052,gestion exploitation agricole,8736
21060,installation agriculteur,8736
13154,économie,9567
23546,résistance matériau,11542
23567,calcul structure,11542
31333,contrôle non destructif,11542
46262,multimédia,11511
32018,qualité administrative,12452
32094,gestion PME PMI,12452
32654,gestion financière,12452
23054,travail matériau,11309
23546,résistance matériau,11309
23662,construction mécanique,11309
34072,marketing direct,9487
23654,mécanique construction réparation,9649
50250,Licences professionnelles,9649
12509,installation classée,9649
21046,travaux paysagers,11477
50248,Diplômes d''école de commerce bac+4,10054
50002,Certifications/diplômes/titres niveau 2,10054
32626,analyse financière,11495
32652,contrôle gestion,11495
32602,gestion risque financier,11495
31388,gestion qualité,11389
41036,assurance,11500
41062,banque,11500
41083,clientèle particulier,11500
50002,Certifications/diplômes/titres niveau 2,10053
50148,Diplômes d''école de commerce bac+5,10052
50001,Certifications/diplômes/titres niveau 1,10052
42611,guide accompagnateur,12454
15004,communication professionnelle,12454
46340,communication événementielle,12454
13261,droit affaires,11801
13207,audit juridique,11801
13266,droit judiciaire privé,11801
35006,secrétariat assistanat juridique,13991
46345,technique documentaire,11515
46354,communication information,11515
34566,vente distribution,11481
34513,vente vin spiritueux,11481
34572,négociation grand compte,11481
46262,multimédia,11305
32652,contrôle gestion,11468
22294,conduite chantier BTP,11430
22293,conduite travaux BTP,11430
22254,BTP conception organisation,11430
32020,encadrement interculturel,11229
12598,environnement agriculture,11509
21054,agriculture production végétale,11509
42654,tourisme,11523
46302,gestion entreprise communication information,11475
46301,communication entreprise,11475
46354,communication information,11475
34254,commerce international,11512
31354,qualité,15084
31371,métrologie,15084
12254,sciences de la terre,13698
31624,maintenance industrielle,11520
24354,électronique,11520
24454,automatisme informatique industrielle,11520
13285,droit civil,10271
13275,notariat,10271
42133,gestion immobilière,11550
31845,logistique,11223
31084,informatique de gestion,11621
31054,informatique,11621
24220,gestion réseau informatique,11621
42648,conception produit touristique,11411
42638,développement touristique,11411
42627,gestion entreprise touristique,11411
41003,gestion portefeuille,11640
41070,gestion exploitation banque,11640
46312,mécénat,12025
45054,art,12025
46340,communication événementielle,12025
32688,comptabilité charges personnel,14100
24231,réseau informatique,12092
15436,éducation sportive,13798
15457,gestion sport,13798
21554,agroalimentaire,11504
42668,commercialisation produit touristique,14019
13168,économie tourisme,14019
42677,agence voyages,14019
32024,gestion centre profit,11414
22654,génie climatique,11386
24158,énergie électrique,12549
24354,électronique,12549
31371,métrologie,12549
13036,politique internationale,14178
13054,science politique,14178
13032,politique régionale,14178
32663,comptabilité,13802
34566,vente distribution,13806
34071,marketing sectoriel,13806
11514,méthodologie analytique chimique,13808
32018,qualité administrative,12465
13218,droit administratif,12465
13021,collectivité territoriale,12465
41014,gestion patrimoine,12523
41054,banque assurance,12523
34076,gestion relation client,12523
46302,gestion entreprise communication information,13622
46340,communication événementielle,13622
46323,journalisme multimédia,13622
31601,CFAO,11474
31684,CAO,11474
31685,DAO,11474
23546,résistance matériau,11539
23567,calcul structure,11539
31333,contrôle non destructif,11539
35052,accueil,15053
35066,bureautique,15053
35035,secrétariat assistanat spécialisé,15053
34554,commerce,12642
33054,ressources humaines,11476
34554,commerce,15047
34559,gestion rayon,15047
46354,communication information,15155
14223,géographie humaine,12411
12534,aménagement territoire,12411
12512,aménagement urbain,12411
22499,immotique,9650
23661,mécanique précision,13445
24314,optoélectronique,13445
24336,composant électronique,13445
42648,conception produit touristique,14477
42638,développement touristique,14477
42627,gestion entreprise touristique,14477
45052,production spectacle,15230
45012,gestion carrière artiste,15230
45073,musique,15230
33054,ressources humaines,13803
44586,formation formateur,13803
31845,logistique,13992
34022,gestion fournisseur,14002
31663,gestion stock,14002
31895,gestion entreprise transport,14002
13254,droit,14006
13154,économie,14006
33054,ressources humaines,14007
34254,commerce international,14008
34292,achat international,14008
34271,négociation internationale,14008
44540,relation pédagogique,12528
44530,sciences éducation,12528
15254,langues,12528
15214,anglais appliqué,13576
15229,espagnol appliqué,13576
15288,allemand appliqué,13576
22250,écoconstruction,13793
22354,bâtiment gros oeuvre,13793
22211,performance énergétique bâtiment,13793
41062,banque,14512
31084,informatique de gestion,14058
13175,économie sociale,14059
13331,fiscalité mobilière,12417
13286,droit immobilier,12417
13229,droit urbanisme,12417
12225,topographie,12475
12205,cartographie,12475
31008,système information,12475
31834,logistique transport,13993
35017,secrétariat assistanat import export,13993
31895,gestion entreprise transport,13993
31054,informatique,14004
42121,gestion locative,14014
42186,promotion immobilière,14014
42133,gestion immobilière,14014
42154,immobilier,14015
42184,agence immobilière,14015
42898,ergonomie,15943
31776,geste posture,15943
22294,conduite chantier BTP,12447
22217,droit BTP,12447
22250,écoconstruction,12447
31620,conduite installation industrielle,13031
14224,anthropologie,12406
14299,sociologie travail,12406
14277,sociologie,12406
22654,génie climatique,14404
46326,journalisme presse écrite,11437
46303,journalisme spécialisé,11437
44557,ingénierie formation,11436
44530,sciences éducation,11436
44593,conception formation à distance,11436
21510,vinification oenologie,13406
21540,commercialisation vin spiritueux,13406
42651,tourisme culturel,13406
34254,commerce international,12776
15205,anglais commercial,12776
14414,psychopathologie,13418
14456,psychothérapie,13418
14454,psychologie,13418
12075,prévention sécurité biologie,13407
12578,animation environnement,13407
12554,environnement aménagement,13407
32611,trésorerie,13409
41011,bourse initiation,13409
13275,notariat,11928
32045,management transversal,13446
31359,audit qualité,13446
31388,gestion qualité,13446
32030,animation motivation équipe,14726
15412,sport montagne,12407
15436,éducation sportive,12407
14454,psychologie,12407
46302,gestion entreprise communication information,11540
21676,textile usage technique,13470
32054,direction entreprise,15049
15234,anglais,8183
14201,culture civilisation,8183
15254,langues,8183
42648,conception produit touristique,13408
42638,développement touristique,13408
42651,tourisme culturel,13408
45052,production spectacle,11456
45050,mise en scène spectacle,11456
23054,travail matériau,14406
23692,dessin construction mécanique,14406
32024,gestion centre profit,14414
31388,gestion qualité,14420
32626,analyse financière,14447
32682,comptabilité analytique,14447
32667,comptabilité générale,14447
24220,gestion réseau informatique,14455
46254,audiovisuel multimédia,14473
31008,système information,14473
46207,conduite projet multimédia,14473
45042,technique spectacle,14467
45073,musique,14467
46236,son,14467
13286,droit immobilier,14482
32688,comptabilité charges personnel,14494
13096,politique culturelle,14476
32096,gestion entreprise culturelle,14476
24254,télécommunication,14997
24293,sécurité télécommunication,14997
31006,sécurité informatique,14997
34026,développement sens commercial,14999
34052,marketing,14999
41049,assurance entreprise,15015
41068,assurance personnes,15015
41028,assurance dommages,15015
35049,secrétariat assistanat comptabilité,19509
42809,douane,19512
31859,procédure douanière,19512
31839,transit marchandise,19512
43443,ostéopathie,20000
21046,travaux paysagers,9472
21022,grande culture,9992
21025,production fourragère,9992
21054,agriculture production végétale,9992
21056,élevage,9993
21547,bonnes pratiques hygiène agroalimentaire,9953
21554,agroalimentaire,9953
21027,horticulture,9994
21570,qualité sécurité agroalimentaire,9995
21554,agroalimentaire,9995
34525,vente produit alimentaire,9996
34581,technico-commercial,9996
34582,négociation commerciale,9996
21510,vinification oenologie,9997
21053,viticulture,9997
12514,développement rural,10007
12534,aménagement territoire,10007
21032,agroéquipement,10008
21011,machinisme agricole,10008
12532,gestion ressource eau,10011
12520,traitement eau,10011
12541,assainissement,10011
21041,sylviculture gestion forestière,10012
21042,exploitation forestière,10012
12589,découverte nature,10013
12547,protection milieu naturel,10013
14215,sciences et techniques patrimoine,10013
15241,interprétariat,10384
15231,traduction,10385
13267,droit international,10386
44542,pédagogie,10399
45020,cirque arts rue,10399
31892,capitaine marine,10409
31870,navigation commerce plaisance,10409
31886,mécanicien navigant,10409
31641,contrôle gestion production,10460
31845,logistique,10460
31654,génie industriel,10460
21336,gestion exploitation pêche aquaculture,10461
21347,aquaculture,10461
21046,travaux paysagers,10462
22834,matériau métallique,10463
22871,matériau composite,10463
12576,éco-industrie,10463
24254,télécommunication,10466
24231,réseau informatique,10466
24273,architecture réseau,10466
24491,programmation informatique industrielle,10467
24454,automatisme informatique industrielle,10467
24346,électronique embarquée,10467
42054,services divers,10479
44054,action sociale,10479
45004,art spectacle,10481
45020,cirque arts rue,10481
50170,Diplômes d''ingénieur,10555
22378,réhabilitation bâtiment,10798
22499,immotique,10798
22374,construction,10798
32076,gestion entreprise,10874
32652,contrôle gestion,10874
32098,audit entreprise,10874
13168,économie tourisme,10880
42638,développement touristique,10880
13054,science politique,10880
21059,agronomie,10716
21554,agroalimentaire,10716
32076,gestion entreprise,11508
32025,stratégie entreprise,11508
34582,négociation commerciale,11508
21352,pêche,11522
21333,marin pêcheur,11522
21360,patron pêche,11522
31872,transport maritime,11531
31880,électricien bord,11531
21097,élevage porcin,11556
34554,commerce,12675
32682,comptabilité analytique,12675
34076,gestion relation client,12675
31872,transport maritime,12781
31883,mécanicien bord,12781
31893,officier marine marchande,12781
50487,Autres diplômes d''Etat de niveau 4,12849
44542,pédagogie,12855
45022,art dramatique,12855
45010,marionnette,12855
34254,commerce international,12857
34054,gestion commerciale,12857
34590,ingénieur affaires,12857
12522,développement durable,12939
12534,aménagement territoire,12939
12512,aménagement urbain,12939
31872,transport maritime,12941
21352,pêche,12941
50187,Autres diplômes d''Etat de niveau 1,13053
44542,pédagogie,13053
45073,musique,13053
50387,Autres diplômes d''Etat de niveau 3,13054
44542,pédagogie,13054
45022,art dramatique,13054
44072,travail social,14291
21099,soin cheval,13456
31872,transport maritime,13326
31883,mécanicien bord,13326
21320,mécanique pêche,13326
31872,transport maritime,13353
21352,pêche,13353
31872,transport maritime,13354
21352,pêche,13354
31872,transport maritime,13355
31883,mécanicien bord,13355
21320,mécanique pêche,13355
31883,mécanicien bord,13356
21320,mécanique pêche,13356
34525,vente produit alimentaire,13455
42056,service à la personne,13455
21041,sylviculture gestion forestière,13457
21042,exploitation forestière,13457
21043,bûcheronnage,13457
21570,qualité sécurité agroalimentaire,13458
21575,conditionnement agroalimentaire,13458
21573,conservation alimentaire,13458
31872,transport maritime,13600
31892,capitaine marine,13600
31872,transport maritime,13601
31892,capitaine marine,13601
21352,pêche,13602
21340,capitaine pêche,13602
31872,transport maritime,13603
31892,capitaine marine,13603
31872,transport maritime,13606
31883,mécanicien bord,13606
21320,mécanique pêche,13606
31872,transport maritime,13608
31892,capitaine marine,13608
31872,transport maritime,13609
31872,transport maritime,13640
31870,navigation commerce plaisance,13640
31872,transport maritime,13641
31892,capitaine marine,13641
21352,pêche,13646
21360,patron pêche,13646
21352,pêche,13647
21381,lieutenant pêche,13647
31872,transport maritime,13729
31883,mécanicien bord,13729
31870,navigation commerce plaisance,13729
31872,transport maritime,13730
31883,mécanicien bord,13730
31870,navigation commerce plaisance,13730
31872,transport maritime,13731
31883,mécanicien bord,13731
31870,navigation commerce plaisance,13731
31872,transport maritime,13732
42022,médecine vétérinaire,13742
31872,transport maritime,13819
31892,capitaine marine,13819
21352,pêche,13820
21340,capitaine pêche,13820
21088,élevage cheval,13828
31872,transport maritime,13845
31883,mécanicien bord,13845
31870,navigation commerce plaisance,13845
31872,transport maritime,13841
31892,capitaine marine,13841
31872,transport maritime,13842
31870,navigation commerce plaisance,13842
31893,officier marine marchande,13842
31872,transport maritime,13844
31870,navigation commerce plaisance,13844
31872,transport maritime,13846
31870,navigation commerce plaisance,13846
21352,pêche,13847
21340,capitaine pêche,13847
31872,transport maritime,13851
31870,navigation commerce plaisance,13851
31872,transport maritime,13852
31870,navigation commerce plaisance,13852
31872,transport maritime,13853
31870,navigation commerce plaisance,13853
31872,transport maritime,13857
31870,navigation commerce plaisance,13857
31652,gestion production,13881
21554,agroalimentaire,13881
21352,pêche,13861
21354,pêche aquaculture,13861
21352,pêche,13862
21354,pêche aquaculture,13862
31872,transport maritime,13996
31870,navigation commerce plaisance,13996
31872,transport maritime,13997
31892,capitaine marine,13997
31870,navigation commerce plaisance,13997
31872,transport maritime,13998
31870,navigation commerce plaisance,13998
12523,développement local,14181
13054,science politique,14181
13072,politique sociale,14181
12523,développement local,14182
13175,économie sociale,14182
13054,science politique,14182
45052,production spectacle,14230
45004,art spectacle,14230
45022,art dramatique,14230
45042,technique spectacle,14239
45060,régie spectacle,14239
45004,art spectacle,14239
45042,technique spectacle,14240
45004,art spectacle,14240
45022,art dramatique,14240
45042,technique spectacle,14241
45004,art spectacle,14241
45061,régie son,14241
45042,technique spectacle,14242
45004,art spectacle,14242
45022,art dramatique,14242
45004,art spectacle,14243
45022,art dramatique,14243
45050,mise en scène spectacle,14244
45004,art spectacle,14244
45022,art dramatique,14244
50187,Autres diplômes d''Etat de niveau 1,14353
44542,pédagogie,14353
45071,danse,14353
12010,expérimentation animale,14388
21058,aviculture,10837
21015,cuniculiculture,10837
13027,politique publique,14554
13054,science politique,14554
13237,droit public,14554
13027,politique publique,14589
13038,politique santé,14589
44067,animation socioculturelle,14826
12578,animation environnement,14826
44069,éducation populaire,14826
13054,science politique,15028
31354,qualité,15041
31371,métrologie,15041
13027,politique publique,15042
13054,science politique,15042
32054,direction entreprise,15056
32076,gestion entreprise,15056
32096,gestion entreprise culturelle,15056
21053,viticulture,15104
21056,élevage,15114
21054,agriculture production végétale,15114
46354,communication information,15580
13054,science politique,15774
21059,agronomie,16062
21510,vinification oenologie,16062
21053,viticulture,16062
21028,culture légumière,16148
21030,maraîchage,16148
21027,horticulture,16148
31054,informatique,16103
31094,conduite projet informatique,16103
24454,automatisme informatique industrielle,16103
31354,qualité,16105
31606,conduite projet industriel,16105
21654,textile,16105
31654,génie industriel,16105
31854,transport,16129
21046,travaux paysagers,16146
21041,sylviculture gestion forestière,16458
24128,biogaz,16460
11554,chimie,10368
11531,chimie verte,10368
11561,chimie organique,10368
45015,architecture intérieure,14395
45006,esthétique industrielle,14395
46262,multimédia,14395
50170,Diplômes d''ingénieur,14738
14472,psychologie travail,9493
14414,psychopathologie,9493
14454,psychologie,9493
31054,informatique,9524
46325,journalisme,10074
23026,soudage,10335
22387,construction métallique,10335
23083,chaudronnerie,10335
23529,plasticité matériau,10359
23062,métallurgie,10359
23518,élasticité matériau,10359
21059,agronomie,12393
21062,agroressource,12393
13276,droit presse,12495
46302,gestion entreprise communication information,12495
32025,stratégie entreprise,12495
12505,plan local urbanisme,12497
12512,aménagement urbain,12497
13021,collectivité territoriale,12497
13024,institution européenne,12498
98010,Financement européen,12498
13021,collectivité territoriale,12498
13027,politique publique,12499
82074,agent de la fonction publique territoriale,12499
13021,collectivité territoriale,12499
46314,lobbyisme,12500
42659,marketing touristique,12500
12534,aménagement territoire,12500
34232,réglementation commerce international,12503
31359,audit qualité,12503
31336,contrôle qualité,12503
46301,communication entreprise,12504
32045,management transversal,12506
31637,organisation travail,12506
14240,linguistique informatique,12546
31098,programmation orientée objet,12548
12008,bio-informatique,12603
11454,physique,12603
32062,recherche développement,12603
11554,chimie,12638
12081,biotechnologie,12638
24158,énergie électrique,13157
23554,mécanique théorique,13157
24454,automatisme informatique industrielle,13157
24427,commande processus,13160
31054,informatique,13160
24356,traitement signal,13160
13061,politique environnement,13323
12554,environnement aménagement,13323
24147,énergie renouvelable,13323
14201,culture civilisation,13535
14207,archéologie,13535
14216,histoire art,13535
32035,conduite projet,14704
13096,politique culturelle,14704
46301,communication entreprise,14704
13121,gestion publique,14714
13237,droit public,14714
32654,gestion financière,14714
11531,chimie verte,14716
11511,formulation mélange,14716
23546,résistance matériau,14716
46314,lobbyisme,14766
32036,conduite projet international,14766
13082,politique communautaire,14766
46314,lobbyisme,14915
13016,aide développement,14915
32035,conduite projet,14915
13096,politique culturelle,16666
32036,conduite projet international,16666
32096,gestion entreprise culturelle,16666
11406,nanoscience nanotechnologie,10343
23567,calcul structure,10343
11020,modèle simulation,10343
31654,génie industriel,6772
11406,nanoscience nanotechnologie,6773
11561,chimie organique,6773
11550,pétrochimie,6773
11481,photonique,6778
11428,physique nucléaire,6778
24354,électronique,6778
31054,informatique,14315
34590,ingénieur affaires,14315
24354,électronique,14315
22252,dessin BTP,20051
31307,qualité hygiène sécurité environnement,15019
45054,art,12412
45009,architecture paysagère,12412
45018,paysagisme intérieur,12412
45015,architecture intérieure,16156
31374,fiabilité,20061
31624,maintenance industrielle,20061
31845,logistique,20061
31654,génie industriel,20061
42884,risque industriel,20061
32035,conduite projet,19607
32036,conduite projet international,19607
31872,transport maritime,20062
21352,pêche,20062
46354,communication information,19551
50500,Certificats d''aptitude professionnelle,20065
12081,biotechnologie,15152
31872,transport maritime,13850
31870,navigation commerce plaisance,13850
50450,Brevets professionnels (Education nationale),20066
50500,Certificats d''aptitude professionnelle,20067
34517,vente automobile,19543
33054,ressources humaines,19790
45042,technique spectacle,19394
45060,régie spectacle,19394
45062,régie lumière,19394
45063,régie plateau,19394
45061,régie son,19394
46212,projection audiovisuelle,19394
45011,sécurité spectacle,19394
46217,conception réalisation transmédia,20063
50170,Diplômes d''ingénieur,20063
31054,informatique,20063
46262,multimédia,20063
22274,chantier BTP,19576
50170,Diplômes d''ingénieur,20064
23613,construction aéronautique,20064
23624,construction aérospatiale,20064
24346,électronique embarquée,20064
46354,communication information,19978
22274,chantier BTP,19575
50170,Diplômes d''ingénieur,20068
24491,programmation informatique industrielle,20068
24424,mécatronique,20068
24454,automatisme informatique industrielle,20068
50400,Baccalauréats professionnels,20069
31827,transport marchandise,20095
41002,produit financier,33
41015,inspection assurance,33
41036,assurance,33
41096,back office,33
34561,force vente,19353
34085,stratégie commerciale,19353
34052,marketing,19353
21078,élevage bovin,20071
46235,web 2.0,19344
24223,technologie internet intranet,19344
46341,communication externe,19344
45015,architecture intérieure,19556
21012,culture spécialisée,20070
21013,culture plante médicinale,20070
21078,élevage bovin,19458
21097,élevage porcin,20072
23053,peinture industrielle,20079
35047,secrétariat assistanat direction,19984
24070,moteur électrique,20105
23677,moteur,20105
32005,stratégie internationale,20073
32054,direction entreprise,20073
32023,prise décision,20073
32025,stratégie entreprise,20073
32024,gestion centre profit,9946
43454,santé secteur sanitaire,20074
32024,gestion centre profit,20075
22404,menuiserie agencement,20082
22408,cuisine salle de bains,20082
45019,ameublement,20082
32054,direction entreprise,20076
21754,habillement,20118
21796,collection vêtement,20118
42158,commercialisation immobilière,20081
42159,valorisation immobilière,20081
42154,immobilier,20081
42178,financement immobilier,20081
34582,négociation commerciale,20099
22834,matériau métallique,20091
23035,montage assemblage,20091
12046,biologie,19384
71701,logiciel open source,19384
94004,conception outil pédagogique,19384
31028,intelligence artificielle,19384
15078,intelligence émotionnelle,20103
45004,art spectacle,20103
50005,Certifications/diplômes/titres niveau 5,20103
45022,art dramatique,20103
46274,cinéma,20103
44549,gestion entreprise formation,20094
22423,pose sol plastique,20096
46382,documentation audiovisuelle et multimédia,20102
46342,intelligence économique,20117
43494,prothèse dentaire,20107
34584,animation vente,20110
34561,force vente,20110
34085,stratégie commerciale,20110
42866,santé sécurité travail,20119
12554,environnement aménagement,20119
46354,communication information,20080
12591,gestion déchet activité soin,19617
12592,gestion déchet industriel,19617
42006,nettoyage urbain,19617
12582,gestion déchet,19617
35006,secrétariat assistanat juridique,20084
34503,fleuriste,20108
44557,ingénierie formation,20124
44517,conception action formation,20124
44589,conseil formation,20124
44539,évaluation formation,20124
46244,gestion production audiovisuelle,20098
32035,conduite projet,20126
32652,contrôle gestion,20097
22252,dessin BTP,20144
21075,élevage ovin,20145
13261,droit affaires,20089
46236,son,20121
21884,sellerie,20146
34254,commerce international,20123
41014,gestion patrimoine,20123
41077,gestion risque banque assurance,20123
32045,management transversal,20123
32076,gestion entreprise,20123
46286,site internet,20123
34026,développement sens commercial,20123
34582,négociation commerciale,20123
34085,stratégie commerciale,20123
42668,commercialisation produit touristique,20114
42056,service à la personne,20085
44026,aide famille,20087
23004,soudage électrode enrobée,20147
23016,soudage MIG MAG,20147
23015,soudage TIG,20147
23076,usinage,20148
15054,développement personnel et professionnel,19291
46314,lobbyisme,19291
46348,recherche fondamentale,19291
13024,institution européenne,19291
13192,union européenne,19291
34581,technico-commercial,19798
31606,conduite projet industriel,19806
22839,caoutchouc,20083
11511,formulation mélange,20083
11595,chimie macromoléculaire,20083
32062,recherche développement,19269
22211,performance énergétique bâtiment,19269
31676,bureau études,19225
32062,recherche développement,19225
31654,génie industriel,19225
70654,logiciel gestion comptable commerciale,19349
32663,comptabilité,19349
32667,comptabilité générale,19349
34054,gestion commerciale,19416
34024,achat,19416
34016,marketing achat,19416
31660,approvisionnement,19416
34292,achat international,19416
34554,commerce,19905
34573,action commerciale,19905
34581,technico-commercial,19905
34560,VRP,19905
34507,vente à distance,19905
35054,secrétariat assistanat,19377
35047,secrétariat assistanat direction,19377
35028,secrétariat assistanat commercial,19377
31034,administration système,19198
31094,conduite projet informatique,19198
31024,méthode agile,19198
31637,organisation travail,19198
46269,montage audiovisuel,20122
46282,régie cinéma télévision,20115
46274,cinéma,20115
46281,prise vue,20120
44047,direction établissement médico-social,20078
42822,surveillance protection gardiennage,20116
42757,service salle,20112
31875,sécurité transport,20100
23062,métallurgie,20109
24162,gestion énergie,20109
24162,gestion énergie,20128
42766,gestion hôtel restaurant bar,20111
33054,ressources humaines,20127
42766,gestion hôtel restaurant bar,20101
46244,gestion production audiovisuelle,20104
31009,architecture système information,19283
32062,recherche développement,19283
24231,réseau informatique,19283
24273,architecture réseau,19283
42812,protection rapprochée,20090
32094,gestion PME PMI,20088
15054,développement personnel et professionnel,20129
15054,développement personnel et professionnel,19857
12598,environnement agriculture,19656
21054,agriculture production végétale,19656
32062,recherche développement,19671
34590,ingénieur affaires,19671
31633,maintenance totale,19671
22254,BTP conception organisation,19671
12585,conseil environnement,19228
31307,qualité hygiène sécurité environnement,19228
33054,ressources humaines,20106
24270,équipement télécom,20077
45052,production spectacle,19213
32096,gestion entreprise culturelle,19213
34588,gestion point vente,19904
34559,gestion rayon,19904
34587,grande distribution,19904
46281,prise vue,19610
46278,photographie,19610
46283,prise vue photographie,19610
46264,conception réalisation audiovisuelle,19610
15234,anglais,19561
34530,vente par internet,19561
32035,conduite projet,19561
34573,action commerciale,19561
46347,stratégie communication numérique,19561
46270,création site internet,19561
32091,benchmarking,19561
34085,stratégie commerciale,19561
46052,PAO,19561
98717,contrat de professionnalisation,19561
98716,contrat d’apprentissage,19561
34076,gestion relation client,19561
34052,marketing,19561
50002,Certifications/diplômes/titres niveau 2,19561
32024,gestion centre profit,19515
46276,film animation,19559
45060,régie spectacle,19574
46269,montage audiovisuel,19547
46254,audiovisuel multimédia,19469
46274,cinéma,19469
46264,conception réalisation audiovisuelle,19469
46236,son,19469
46306,journalisme audiovisuel,19469
34588,gestion point vente,19511
34559,gestion rayon,19511
34587,grande distribution,19511
22286,matériel chantier,19975
23523,pneumatique,19975
31736,réparation engin manutention,19975
23652,transmission mécanique,19975
31717,engin chantier,19975
31054,informatique,19404
23084,tuyauterie,19976
21028,culture légumière,20149
21030,maraîchage,20149
33054,ressources humaines,20125
33052,administration personnel,20125
21056,élevage,20113
34530,vente par internet,19337
34093,marketing électronique,19337
34554,commerce,19337
46347,stratégie communication numérique,19337
34052,marketing,19337
22435,menuiserie,19977
22404,menuiserie agencement,19977
22416,menuiserie bois,19977
22232,métré BTP,19982
23637,mécanique automobile,19504
45015,architecture intérieure,19529
46072,art graphique,19529
32070,innovation entreprise,19529
45006,esthétique industrielle,19529
32042,management participatif,19183
32045,management transversal,19183
32039,management situationnel,19183
32626,analyse financière,19481
33072,intégration salarié,19560
44569,conseil insertion professionnelle,19560
33054,ressources humaines,19987
31654,génie industriel,19558
41095,front office,21
41054,banque assurance,21
41062,banque,21
41070,gestion exploitation banque,21
41080,relation banque,21
41096,back office,21
41075,service bancaire,21
41014,gestion patrimoine,19422
22834,matériau métallique,19426
31006,sécurité informatique,19541
24404,commande numérique fraisage,19333
23095,alésage,19333
24406,commande numérique tournage,19333
24425,MOCN,19333
24413,centre usinage,19333
32663,comptabilité,19351
32076,gestion entreprise,19351
32667,comptabilité générale,19351
22387,construction métallique,11601
22834,matériau métallique,11601
23008,soudage autre procédé,11601
34024,achat,19510
46286,site internet,19550
46270,création site internet,19550
46272,maquettage site internet,19550
46250,gestion contenu site internet,19550
46209,graphisme internet,19550
96142,en alternance,19487
50261,Titres professionnels niveau 2,19487
33054,ressources humaines,20007
24252,réseau télécom,20055
50170,Diplômes d''ingénieur,20055
31006,sécurité informatique,20150
31054,informatique,20150
24273,architecture réseau,20150
24454,automatisme informatique industrielle,20150
31028,intelligence artificielle,20150
41014,gestion patrimoine,19649
46081,création graphique,19578
46209,graphisme internet,19578
21589,charcuterie,19580
21576,traiteur,19580
21599,boucherie,19580
15231,traduction,19863
46236,son,19581
31054,informatique,20003
43444,sophrologie,19589
46324,édition,20004
32062,recherche développement,19268
31608,génie procédés,19268
31307,qualité hygiène sécurité environnement,19268
31654,génie industriel,19268
34502,vente spécialisée,19862
43442,naturothérapie,19862
43438,phytothérapie,19862
32050,coaching entreprise,19837
32043,conseil entreprise,19837
46261,site internet pour mobile,20010
31090,programmation web,20010
70754,logiciel gestion de contenu,20010
31088,programmation,20010
46262,multimédia,20010
45558,ferronnerie art,20006
23049,forgeage,20006
23690,coutellerie taillanderie,20006
46347,stratégie communication numérique,19841
46262,multimédia,19841
46207,conduite projet multimédia,19841
34052,marketing,19841
32035,conduite projet,19604
12522,développement durable,19604
22250,écoconstruction,19604
24170,conseil énergie,19604
22411,enveloppe bâtiment,19604
14215,sciences et techniques patrimoine,20009
21783,modélisme habillement,19846
34254,commerce international,19845
32054,direction entreprise,19845
32076,gestion entreprise,19845
31845,logistique,20012
31854,transport,19630
42822,surveillance protection gardiennage,20014
42854,défense prévention sécurité,20016
21551,commercialisation agroalimentaire,20019
21554,agroalimentaire,20019
21056,élevage,20020
13254,droit,19860
15004,communication professionnelle,19860
15099,résolution problème,19868
31637,organisation travail,19868
45096,sculpture bois,19618
45540,dorure art,19618
45582,ébénisterie,19618
42822,surveillance protection gardiennage,19861
45042,technique spectacle,19864
45060,régie spectacle,19864
45062,régie lumière,19864
45063,régie plateau,19864
45061,régie son,19864
45011,sécurité spectacle,19864
45062,régie lumière,19865
32042,management participatif,19838
32025,stratégie entreprise,19838
34052,marketing,19838
32016,conduite changement technologique,19838
46207,conduite projet multimédia,19838
43061,imagerie médicale,19870
43454,santé secteur sanitaire,19870
46347,stratégie communication numérique,19623
31664,qualité gestion industrielle,19869
31378,groupe progrès,19869
31688,juste à temps,19869
31339,six sigma,19869
31637,organisation travail,19869
22002,terrassement,19625
12522,développement durable,19593
32008,responsabilité sociétale entreprise,19593
32070,innovation entreprise,20005
46208,e-réputation,19626
46311,communication interne,19626
46347,stratégie communication numérique,19626
34074,publicité,19626
46341,communication externe,19626
34024,achat,19606
32035,conduite projet,19606
32045,management transversal,19606
34590,ingénieur affaires,19606
34085,stratégie commerciale,19606
31006,sécurité informatique,19627
31034,administration système,19627
31094,conduite projet informatique,19627
13017,action humanitaire,19858
33054,ressources humaines,19858
32654,gestion financière,19858
22054,travaux publics,19849
22054,travaux publics,19887
41014,gestion patrimoine,19591
34024,achat,19367
34016,marketing achat,19367
34002,négociation achat,19367
34292,achat international,19367
31845,logistique,19367
22054,travaux publics,19850
22054,travaux publics,19851
43444,sophrologie,19891
42739,sommellerie,19840
23637,mécanique automobile,19621
23675,mécanique sportive,19621
46395,ludothèque,19854
22252,dessin BTP,19889
46325,journalisme,19866
43418,thalasso-thermalisme,19847
24066,installation électrique,19650
50500,Certificats d''aptitude professionnelle,20151
31009,architecture système information,20152
50170,Diplômes d''ingénieur,20152
24231,réseau informatique,20152
31094,conduite projet informatique,20152
50400,Baccalauréats professionnels,19653
42797,gouvernante hôtel,19654
42716,café brasserie,19655
42757,service salle,19655
24016,montage câblage électrique,19644
24066,installation électrique,19644
31018,architecture orientée services,19632
31054,informatique,19632
31094,conduite projet informatique,19632
31008,système information,19632
34232,réglementation commerce international,19395
34254,commerce international,19395
34236,financement international,19395
32036,conduite projet international,19395
34260,marketing international,19395
45015,architecture intérieure,19888
34093,marketing électronique,19633
31009,architecture système information,19565
21529,glacerie,19494
44508,plan formation,19983
33054,ressources humaines,19983
33060,recrutement,19983
32025,stratégie entreprise,19983
32015,conduite changement,19983
15454,activité physique et sportive,19844
41014,gestion patrimoine,19405
41003,gestion portefeuille,19405
41083,clientèle particulier,19405
34060,étude marché,19867
34530,vente par internet,19867
34093,marketing électronique,19867
46347,stratégie communication numérique,19867
34085,stratégie commerciale,19867
43495,audioprothèse,20008
11503,distillation industrielle,19587
44540,relation pédagogique,14280
14272,linguistique,14280
14254,sciences humaines,14280
31307,qualité hygiène sécurité environnement,19428
15454,activité physique et sportive,19843
31854,transport,19622
23084,tuyauterie,19338
46242,intégration web,19629
31009,architecture système information,4439
31054,informatique,4439
31008,système information,4439
21719,lingerie corseterie,19397
21771,coupe patronnage gradation,19397
12081,biotechnologie,4081
32062,recherche développement,4081
34071,marketing sectoriel,4081
34085,stratégie commerciale,4081
21775,stylisme habillement,19418
21796,collection vêtement,19418
31009,architecture système information,19628
31014,informatique décisionnelle,19628
31054,informatique,19628
31095,schéma directeur informatique,19628
32626,analyse financière,4098
41007,gestion actifs,4098
32623,financement entreprise,4098
32602,gestion risque financier,4098
32654,gestion financière,4098
33060,recrutement,19631
34026,développement sens commercial,19631
94017,fonction recrutement,19631
45582,ébénisterie,19624
15491,natation,19217
15454,activité physique et sportive,19217
46276,film animation,19488
46257,effets spéciaux,19488
44067,animation socioculturelle,19667
46324,édition,19667
46354,communication information,19667
46323,journalisme multimédia,19667
46301,communication entreprise,19609
13175,économie sociale,19478
14256,sciences sociales,19478
44038,projet établissement médicosocial,19478
44037,direction établissement socioculturel,19478
31637,organisation travail,19478
46090,graphisme publicité,19413
13096,politique culturelle,19262
44037,direction établissement socioculturel,19262
14201,culture civilisation,19658
14227,histoire,19658
14216,histoire art,19658
14215,sciences et techniques patrimoine,19658
34505,vente produit carné,19493
21085,élevage laitier,19457
34060,étude marché,19657
13027,politique publique,19657
13138,analyse économique,19657
11016,analyse données,19657
45004,art spectacle,19659
46373,bibliothèque documentation,19662
46363,réseau documentaire,19662
46345,technique documentaire,19662
31635,documentation maintenance,19662
34590,ingénieur affaires,19999
34502,vente spécialisée,19660
21798,dessin mode,19660
21654,textile,19660
21627,création textile,19660
34060,étude marché,19661
13154,économie,19661
13138,analyse économique,19661
13149,économétrie,19661
13129,prévision économique,19661
13254,droit,19668
13243,droit auteur,19668
14201,culture civilisation,19663
45054,art,19663
46072,art graphique,19664
45066,art plastique,19664
12523,développement local,19673
13138,analyse économique,19673
12534,aménagement territoire,19673
24154,énergie,4683
34071,marketing sectoriel,4683
24162,gestion énergie,4683
24170,conseil énergie,4683
14278,sciences cognitives,19666
14454,psychologie,4344
14426,art thérapie,4344
13168,économie tourisme,19669
42654,tourisme,19669
13036,politique internationale,5338
34054,gestion commerciale,5338
34024,achat,5338
21798,dessin mode,19672
46072,art graphique,19672
45006,esthétique industrielle,19672
45066,art plastique,19672
35047,secrétariat assistanat direction,19674
35011,secrétariat assistanat immobilier,19674
35035,secrétariat assistanat spécialisé,19674
35028,secrétariat assistanat commercial,19674
42133,gestion immobilière,19674
14201,culture civilisation,19681
15280,langue ancienne,19681
14227,histoire,19681
14256,sciences sociales,19681
62054,Asie,19681
11523,analyse chimique,19675
43026,pharmacie,19675
32062,recherche développement,19675
22294,conduite chantier BTP,19676
22293,conduite travaux BTP,19676
22252,dessin BTP,19676
22254,BTP conception organisation,19676
13254,droit,19678
14232,philosophie,19678
14227,histoire,19678
13054,science politique,19678
14256,sciences sociales,19678
42101,diagnostic immobilier,19981
34254,commerce international,19677
32035,conduite projet,19677
34582,négociation commerciale,19677
34085,stratégie commerciale,19677
34052,marketing,19677
12556,écologie,19679
14256,sciences sociales,19679
14229,histoire sciences et techniques,19679
13038,politique santé,19679
13072,politique sociale,19679
12523,développement local,19680
14223,géographie humaine,19680
14256,sciences sociales,19680
12534,aménagement territoire,19680
45073,musique,19682
45054,art,19682
14272,linguistique,19682
14261,littérature,19682
46254,audiovisuel multimédia,20023
45066,art plastique,15482
33035,audit ressources humaines,1
33054,ressources humaines,1
21028,culture légumière,20153
21030,maraîchage,20153
21036,pépinière,20153
21027,horticulture,20153
12046,biologie,19452
32062,recherche développement,19452
42854,défense prévention sécurité,19209
44569,conseil insertion professionnelle,19993
46373,bibliothèque documentation,19992
46251,jeu vidéo,20002
31094,conduite projet informatique,20002
46254,audiovisuel multimédia,14338
46264,conception réalisation audiovisuelle,14338
46244,gestion production audiovisuelle,14338
24154,énergie,20154
50400,Baccalauréats professionnels,20154
44047,direction établissement médico-social,15145
44074,prévention éducation santé,15145
31008,système information,15145
45052,production spectacle,11464
45050,mise en scène spectacle,11464
46340,communication événementielle,11464
14270,littérature étrangère,12380
14201,culture civilisation,12380
46382,documentation audiovisuelle et multimédia,12380
13272,droit commercial,12382
13231,droit comparé,12382
13267,droit international,12382
44039,établissement hébergement personnes âgées,19586
13175,économie sociale,16186
44054,action sociale,16186
13072,politique sociale,16186
24154,énergie,14513
46286,site internet,19369
46270,création site internet,19369
46207,conduite projet multimédia,19369
23635,mécanique cycle motocycle,19545
21654,textile,19620
32652,contrôle gestion,19998
32650,gestion budgétaire,19998
22232,métré BTP,20050
22232,métré BTP,20052
22252,dessin BTP,20052
22252,dessin BTP,20053
32626,analyse financière,20054
32618,évaluation financière entreprise,20054
41007,gestion actifs,20054
41096,back office,20054
32654,gestion financière,20054
32045,management transversal,19994
34582,négociation commerciale,19994
31854,transport,19979
31354,qualité,20056
50170,Diplômes d''ingénieur,20056
24469,capteur,20056
11454,physique,20056
31371,métrologie,20056
34024,achat,19718
32652,contrôle gestion,19718
46301,communication entreprise,19718
34287,logistique internationale,19718
34052,marketing,19718
42803,sécurité publique,20015
31854,transport,20015
42879,hygiène travail,19354
12585,conseil environnement,19354
12522,développement durable,19354
32008,responsabilité sociétale entreprise,19354
12587,management environnemental,19354
31307,qualité hygiène sécurité environnement,19354
21032,agroéquipement,20018
21084,commercialisation agricole,20018
21022,grande culture,20018
46244,gestion production audiovisuelle,20011
46201,commercialisation audiovisuelle,20011
33054,ressources humaines,20021
22283,préparation chantier BTP,19206
22279,maîtrise oeuvre,19206
22257,commercialisation BTP,19206
21754,habillement,20155
21654,textile,20155
32039,management situationnel,20155
34054,gestion commerciale,20001
32076,gestion entreprise,20001
34026,développement sens commercial,20001
32094,gestion PME PMI,20001
21028,culture légumière,19985
21056,élevage,19985
21052,gestion exploitation agricole,19985
21012,culture spécialisée,19985
21013,culture plante médicinale,19985
42654,tourisme,19988
21854,cuir peau,20022
33054,ressources humaines,19980
31374,fiabilité,20156
31624,maintenance industrielle,20156
31845,logistique,20156
42884,risque industriel,20156
31654,génie industriel,20156
31090,programmation web,20017
42619,camping caravaning,20013
22442,revêtement sol mur,20013
42076,petit bricolage jardinage,20013
31051,maintenance assistance informatique,19616
24154,énergie,20157
50170,Diplômes d''ingénieur,20157
31054,informatique,20157
24454,automatisme informatique industrielle,20157
31654,génie industriel,20157
31620,conduite installation industrielle,20158
50170,Diplômes d''ingénieur,20158
31606,conduite projet industriel,20158
31654,génie industriel,20158
44030,assistance maternelle,20086
43434,hôpital,4566
43454,santé secteur sanitaire,4566
43485,assistance dentaire,4566
43403,hygiène hospitalière,4566
43422,stérilisation médicale,4566
21028,culture légumière,19986
21056,élevage,19986
21012,culture spécialisée,19986
21013,culture plante médicinale,19986
34590,ingénieur affaires,19585
34076,gestion relation client,19585
34085,stratégie commerciale,19585
34052,marketing,19585
34593,prospection vente,19619
31070,vente informatique,19619
34554,commerce,19619
34561,force vente,19619
34590,ingénieur affaires,19619
34581,technico-commercial,19619
34582,négociation commerciale,19619
34572,négociation grand compte,19619
50170,Diplômes d''ingénieur,20159
22254,BTP conception organisation,20159
46217,conception réalisation transmédia,19583
46347,stratégie communication numérique,19583
34074,publicité,19583
46301,communication entreprise,19583
46340,communication événementielle,19583
50170,Diplômes d''ingénieur,20057
23654,mécanique construction réparation,20057
31606,conduite projet industriel,20057
24454,automatisme informatique industrielle,20057
31654,génie industriel,20057
31604,maintenance corrective,19502
31603,maintenance préventive,19502
23637,mécanique automobile,19502
34254,commerce international,19997
34554,commerce,19997
31604,maintenance corrective,19528
31603,maintenance préventive,19528
23637,mécanique automobile,19528
97505,certification inscrite au RNCP,4637
41054,banque assurance,14409
34554,commerce,4536
34597,marchandisage,4536
31833,transport routier,19577
31805,transport en commun routier,19577
31806,transport scolaire,19577
31815,transport sanitaire,19577
31895,gestion entreprise transport,19577
31307,qualité hygiène sécurité environnement,19995
34254,commerce international,20060
34024,achat,20060
32045,management transversal,20060
32652,contrôle gestion,20060
32006,gestion entreprise internationale,20060
34530,vente par internet,19539
34052,marketing,19927
34093,marketing électronique,19935
32037,gestion communication crise,19935
46347,stratégie communication numérique,19935
46301,communication entreprise,19935
46341,communication externe,19935
31090,programmation web,19224
15054,développement personnel et professionnel,19189
32652,contrôle gestion,19189
32098,audit entreprise,19189
31359,audit qualité,19189
32654,gestion financière,19189
13078,politique agricole,19312
21007,recherche agronomique,19312
12522,développement durable,19312
12205,cartographie,19312
12054,sciences naturelles,19312
46036,maquette mise en page,3423
46052,PAO,3423
46081,création graphique,3423
46003,infographie,3423
44542,pédagogie,15235
44530,sciences éducation,15235
46382,documentation audiovisuelle et multimédia,19382
45085,formation formateur art,19382
45073,musique,19382
46348,recherche fondamentale,19382
24472,automatisation,19261
24451,robotique,19261
32062,recherche développement,19261
24424,mécatronique,19261
24454,automatisme informatique industrielle,19261
32045,management transversal,12270
14256,sciences sociales,12270
31845,logistique,19210
32054,direction entreprise,3084
32076,gestion entreprise,3084
32025,stratégie entreprise,3084
21086,élevage caprin,19459
50170,Diplômes d''ingénieur,20161
21796,collection vêtement,19398
34593,prospection vente,19346
34573,action commerciale,19346
34582,négociation commerciale,19346
11052,mathématiques appliquées,20162
50170,Diplômes d''ingénieur,20162
31054,informatique,20162
11050,mathématiques informatiques,20162
11036,statistique,20162
23097,affûtage,19996
46347,stratégie communication numérique,19781
46270,création site internet,19781
46242,intégration web,19781
46207,conduite projet multimédia,19781
46205,référencement site internet,19781
22252,dessin BTP,19784
12598,environnement agriculture,19314
12547,protection milieu naturel,19314
12522,développement durable,19314
11022,recherche opérationnelle,19314
21046,travaux paysagers,19787
31088,programmation,19608
15250,langue des signes,15173
14272,linguistique,15173
14254,sciences humaines,15173
34581,technico-commercial,19342
21029,héliciculture,19788
21011,machinisme agricole,20163
21011,machinisme agricole,20164
41014,gestion patrimoine,19240
41003,gestion portefeuille,19240
42133,gestion immobilière,19240
31009,architecture système information,20165
31006,sécurité informatique,20165
50170,Diplômes d''ingénieur,20165
24231,réseau informatique,20165
24273,architecture réseau,20165
24266,hyperfréquence,20166
24323,conception circuit électronique,20166
50170,Diplômes d''ingénieur,20166
24491,programmation informatique industrielle,20166
24346,électronique embarquée,20166
31301,test étanchéité,19432
23657,aménagement véhicule automobile,19432
23637,mécanique automobile,19432
31667,audit gestion industrielle,19536
31606,conduite projet industriel,19536
31652,gestion production,19536
31637,organisation travail,19536
31654,génie industriel,19536
42692,tourisme montagne,19538
45006,esthétique industrielle,19794
34519,étalage,19540
34597,marchandisage,19540
42024,soin animalier,19796
42022,médecine vétérinaire,19796
97505,certification inscrite au RNCP,19797
23637,mécanique automobile,19546
50001,Certifications/diplômes/titres niveau 1,19549
46264,conception réalisation audiovisuelle,19548
32054,direction entreprise,19552
42754,hôtellerie restauration,19555
45048,bande dessinée,19808
45012,gestion carrière artiste,19793
33054,ressources humaines,19562
35014,secrétariat assistanat ressources humaines,19562
45015,architecture intérieure,19782
50148,Diplômes d''école de commerce bac+5,20169
50132,Masters,20169
46301,communication entreprise,19818
46354,communication information,19818
34052,marketing,19818
31604,maintenance corrective,19572
31603,maintenance préventive,19572
23637,mécanique automobile,19572
41023,marché financier,19537
32035,conduite projet,19553
32045,management transversal,19553
41054,banque assurance,19804
34254,commerce international,19792
34285,import export,19792
34085,stratégie commerciale,19792
34052,marketing,19792
34271,négociation internationale,19792
46323,journalisme multimédia,19564
31009,architecture système information,19800
21088,élevage cheval,19820
46354,communication information,19811
46306,journalisme audiovisuel,19811
46323,journalisme multimédia,19811
34254,commerce international,20170
32006,gestion entreprise internationale,20170
46325,journalisme,19789
46323,journalisme multimédia,19789
46373,bibliothèque documentation,19807
32054,direction entreprise,19803
22248,gestion entreprise BTP,19803
32097,gestion entreprise artisanale,19803
96142,en alternance,19803
50002,Certifications/diplômes/titres niveau 2,19803
13260,transmission entreprise,19803
15054,développement personnel et professionnel,20171
22293,conduite travaux BTP,19785
22232,métré BTP,19785
34254,commerce international,20172
34054,gestion commerciale,20172
32054,direction entreprise,20172
32039,management situationnel,20172
32654,gestion financière,20172
41054,banque assurance,20193
41092,clientèle entreprise,20193
12523,développement local,19819
44067,animation socioculturelle,19819
32005,stratégie internationale,19809
32006,gestion entreprise internationale,19809
44056,travail social en réseau,19809
42838,détective,19557
41054,banque assurance,11406
43445,massage bien-être,20177
